Fund Name,P1,P2,P3,P4,P5,Topsis Score,Rank
M1,0.63,0.4,5.4,61.9,17.08,0.3118431878882687,6
M2,0.91,0.83,5.7,48.1,13.89,0.5776642256872071,2
M3,0.77,0.59,5.4,62.0,17.19,0.48755928741798044,5
M4,0.78,0.61,3.6,48.5,13.37,0.5375101091610491,4
M5,0.91,0.83,6.5,56.0,16.06,0.5715384686438975,3
M6,0.93,0.86,3.4,66.8,18.0,1.0,1
M7,0.6,0.36,5.9,53.1,14.99,0.14552622590343023,8
M8,0.67,0.45,4.7,49.1,13.73,0.30826088326374707,7
